633,"Amrita Vishwa Vidyapeetham, Coimbatore (Id: U-0436)","Amrita School of Business, Coimbatore (Id: C-7023)",Constituent / University College,Tamil Nadu,Coimbatore
638,"Amrita Vishwa Vidyapeetham, Coimbatore (Id: U-0436)","Amrita School of Engineering, Coimbatore (Id: C-7021)",Constituent / University College,Tamil Nadu,Coimbatore
641,"Amrita Vishwa Vidyapeetham, Coimbatore (Id: U-0436)","Department of Communication, Coimbatore (Id: C-7024)",Constituent / University College,Tamil Nadu,Coimbatore
645,"Amrita Vishwa Vidyapeetham, Coimbatore (Id: U-0436)","Department of Social Work, Coimbatore (Id: C-7033)",Constituent / University College,Tamil Nadu,Coimbatore
988,"Anna University, Chennai (Id: U-0439)",Adithya Institute of Technology (Id: C-37053),Affiliated College,Tamil Nadu,Coimbatore
992,"Anna University, Chennai (Id: U-0439)",AJK Institute of Management (Id: C-37098),Affiliated College,Tamil Nadu,Coimbatore
993,"Anna University, Chennai (Id: U-0439)",Akshaya College of Engineering and Technology (Id: C-36985),Affiliated College,Tamil Nadu,Coimbatore
994,"Anna University, Chennai (Id: U-0439)","AKSHAYA INSTITUTE OF MANAGEMENT STUDIES, COIMBATORE (Id: C-46582)",Affiliated College,Tamil Nadu,Coimbatore
1030,"Anna University, Chennai (Id: U-0439)",ARULMURUGA TECHNICAL CAMPUS (Id: C-48254),Affiliated College,Tamil Nadu,Coimbatore
1034,"Anna University, Chennai (Id: U-0439)",ASL Pauls College of Engineering and Technology (Id: C-37009),Affiliated College,Tamil Nadu,Coimbatore
1059,"Anna University, Chennai (Id: U-0439)",CHERAN COLLEGE OF ENGINEERING (Id: C-48255),Affiliated College,Tamil Nadu,Coimbatore
1060,"Anna University, Chennai (Id: U-0439)",CHERAN SCHOOL OF ARCHITECTURE (Id: C-48256),Affiliated College,Tamil Nadu,Coimbatore
1063,"Anna University, Chennai (Id: U-0439)",Christ The King Engineering College (Id: C-36941),Affiliated College,Tamil Nadu,Coimbatore
1066,"Anna University, Chennai (Id: U-0439)",CMS College of Engineering and Technology (Id: C-37075),Affiliated College,Tamil Nadu,Coimbatore
1067,"Anna University, Chennai (Id: U-0439)",Coimbatore Institute of Engineering and Technology (Id: C-36942),Affiliated College,Tamil Nadu,Coimbatore
1068,"Anna University, Chennai (Id: U-0439)",Coimbatore Institute of Technology (Id: C-36969),Affiliated College,Tamil Nadu,Coimbatore
1078,"Anna University, Chennai (Id: U-0439)",Dhanalakshmi Srinivasan College of Engineering (Id: C-37103),Affiliated College,Tamil Nadu,Coimbatore
1088,"Anna University, Chennai (Id: U-0439)",Dr.Mahalingam College of Engineering and Technology (Id: C-37050),Affiliated College,Tamil Nadu,Coimbatore
1092,"Anna University, Chennai (Id: U-0439)",Dr N.G.P. Institute of Technology (Id: C-36929),Affiliated College,Tamil Nadu,Coimbatore
1095,"Anna University, Chennai (Id: U-0439)",Easa College of Engineering & Technology (Id: C-36991),Affiliated College,Tamil Nadu,Coimbatore
1126,"Anna University, Chennai (Id: U-0439)",Government College of Technology (Id: C-36975),Affiliated College,Tamil Nadu,Coimbatore
1129,"Anna University, Chennai (Id: U-0439)",Happy Valley Business School (Id: C-36939),Affiliated College,Tamil Nadu,Coimbatore
1130,"Anna University, Chennai (Id: U-0439)",Hindusthan College of Engineering and Technology (Id: C-37063),Affiliated College,Tamil Nadu,Coimbatore
1131,"Anna University, Chennai (Id: U-0439)",Hindusthan Institute of Technology (Id: C-37046),Affiliated College,Tamil Nadu,Coimbatore
1134,"Anna University, Chennai (Id: U-0439)",HOSUR INSTITUTE OF TECHNOLOGY AND SCIENCE (Id: C-48257),Affiliated College,Tamil Nadu,Coimbatore
1143,"Anna University, Chennai (Id: U-0439)",Indus College of Engineering (Id: C-36934),Affiliated College,Tamil Nadu,Coimbatore
1146,"Anna University, Chennai (Id: U-0439)",Info Institute of Engineering (Id: C-37031),Affiliated College,Tamil Nadu,Coimbatore
1150,"Anna University, Chennai (Id: U-0439)",Jansons Institute of Technology (Id: C-37021),Affiliated College,Tamil Nadu,Coimbatore
1152,"Anna University, Chennai (Id: U-0439)",Jawaharlal Institute of Technology (Id: C-37090),Affiliated College,Tamil Nadu,Coimbatore
1162,"Anna University, Chennai (Id: U-0439)",JCT College of Engineering and Technology (Id: C-37055),Affiliated College,Tamil Nadu,Coimbatore
1175,"Anna University, Chennai (Id: U-0439)",Kalaignar Karunanidhi Institute of Technology (Id: C-37070),Affiliated College,Tamil Nadu,Coimbatore
1176,"Anna University, Chennai (Id: U-0439)",Kalaivani College of Technology (Id: C-37042),Affiliated College,Tamil Nadu,Coimbatore
1183,"Anna University, Chennai (Id: U-0439)",Karpagam College of Engineering (Id: C-37044),Affiliated College,Tamil Nadu,Coimbatore
1184,"Anna University, Chennai (Id: U-0439)",Karpagam Institute of Technology (Id: C-37035),Affiliated College,Tamil Nadu,Coimbatore
1188,"Anna University, Chennai (Id: U-0439)",Kathir College of Engineering (Id: C-36988),Affiliated College,Tamil Nadu,Coimbatore
1190,"Anna University, Chennai (Id: U-0439)",KGiSL Institute of Technology (Id: C-36989),Affiliated College,Tamil Nadu,Coimbatore
1204,"Anna University, Chennai (Id: U-0439)",KPR Institute of Engineering and Technology (Id: C-36999),Affiliated College,Tamil Nadu,Coimbatore
1205,"Anna University, Chennai (Id: U-0439)",KPR School of Business (Id: C-37079),Affiliated College,Tamil Nadu,Coimbatore
1214,"Anna University, Chennai (Id: U-0439)",KTVR Knowledge Park for Engineering & Technology (Id: C-36931),Affiliated College,Tamil Nadu,Coimbatore
1215,"Anna University, Chennai (Id: U-0439)",Kumaraguru college of Technology (Id: C-36926),Affiliated College,Tamil Nadu,Coimbatore
1218,"Anna University, Chennai (Id: U-0439)",KV Institute of Management and Information Studies (Id: C-36946),Affiliated College,Tamil Nadu,Coimbatore
1239,"Anna University, Chennai (Id: U-0439)",Maharaja Institute of Technology (Id: C-37007),Affiliated College,Tamil Nadu,Coimbatore
1290,"Anna University, Chennai (Id: U-0439)",Nehru Institute of Engineering and Technology (Id: C-37025),Affiliated College,Tamil Nadu,Coimbatore
1291,"Anna University, Chennai (Id: U-0439)",Nehru Institute of Information Technology and Management (Id: C-37037),Affiliated College,Tamil Nadu,Coimbatore
1292,"Anna University, Chennai (Id: U-0439)",Nehru Institute of Management Studies (Id: C-36962),Affiliated College,Tamil Nadu,Coimbatore
1294,"Anna University, Chennai (Id: U-0439)",NIGHTINGALE INSTITUTE OF TECHNOLOGY (Id: C-48258),Affiliated College,Tamil Nadu,Coimbatore
1296,"Anna University, Chennai (Id: U-0439)","N.R. SCHOOL OF ARCHITECTURE, COIMBATORE (Id: C-45286)",Affiliated College,Tamil Nadu,Coimbatore
1306,"Anna University, Chennai (Id: U-0439)",P.A.College of Engineering and Technology (Id: C-37041),Affiliated College,Tamil Nadu,Coimbatore
1314,"Anna University, Chennai (Id: U-0439)",Park College of Engineering and Technology (Id: C-37015),Affiliated College,Tamil Nadu,Coimbatore
1315,"Anna University, Chennai (Id: U-0439)",Park College of Technology (Id: C-37049),Affiliated College,Tamil Nadu,Coimbatore
1325,"Anna University, Chennai (Id: U-0439)",POLLACHI INSTITUTE OF ENGINEERING AND TECHNOLOGY (Id: C-48259),Affiliated College,Tamil Nadu,Coimbatore
1328,"Anna University, Chennai (Id: U-0439)",PPG Business School (Id: C-37014),Affiliated College,Tamil Nadu,Coimbatore
1329,"Anna University, Chennai (Id: U-0439)",PPG Institute of Technology (Id: C-37043),Affiliated College,Tamil Nadu,Coimbatore
1330,"Anna University, Chennai (Id: U-0439)",Prahar School of Architecture (Id: C-37072),Affiliated College,Tamil Nadu,Coimbatore
1338,"Anna University, Chennai (Id: U-0439)",PSG College of Technology (Id: C-37013),Affiliated College,Tamil Nadu,Coimbatore
1353,"Anna University, Chennai (Id: U-0439)",Ranganathan Architecture College (Id: C-37093),Affiliated College,Tamil Nadu,Coimbatore
1354,"Anna University, Chennai (Id: U-0439)",Ranganathan Engineering College (Id: C-36972),Affiliated College,Tamil Nadu,Coimbatore
1356,"Anna University, Chennai (Id: U-0439)","RATHINAM TECHNICAL CAMPUS, COIMBATORE (Id: C-45287)",Affiliated College,Tamil Nadu,Coimbatore
1367,"Anna University, Chennai (Id: U-0439)",RVS College of Computer Application (Id: C-36973),Affiliated College,Tamil Nadu,Coimbatore
1368,"Anna University, Chennai (Id: U-0439)",RVS College of Engineering and Technology (Id: C-36938),Affiliated College,Tamil Nadu,Coimbatore
1370,"Anna University, Chennai (Id: U-0439)",RVS Educational Trust's Group of Institutions (Id: C-37001),Affiliated College,Tamil Nadu,Coimbatore
1371,"Anna University, Chennai (Id: U-0439)",RVS Institute of Management Studies (Id: C-37086),Affiliated College,Tamil Nadu,Coimbatore
1375,"Anna University, Chennai (Id: U-0439)",R.V.S. School of Architecture (Id: C-37082),Affiliated College,Tamil Nadu,Coimbatore
1383,"Anna University, Chennai (Id: U-0439)",Sakthi Institute of Information and Management Studies (Id: C-37067),Affiliated College,Tamil Nadu,Coimbatore
1387,"Anna University, Chennai (Id: U-0439)",SAN International Business School (Id: C-37102),Affiliated College,Tamil Nadu,Coimbatore
1388,"Anna University, Chennai (Id: U-0439)",SAN International Info School (Id: C-37081),Affiliated College,Tamil Nadu,Coimbatore
1394,"Anna University, Chennai (Id: U-0439)",SASI CREATIVE SCHOOL OF ARCHITECTURE (Id: C-48260),Affiliated College,Tamil Nadu,Coimbatore
1395,"Anna University, Chennai (Id: U-0439)",Sasi Creative School of Business (Id: C-37066),Affiliated College,Tamil Nadu,Coimbatore
1396,"Anna University, Chennai (Id: U-0439)",Sasurie Academy of Engineering (Id: C-36977),Affiliated College,Tamil Nadu,Coimbatore
1403,"Anna University, Chennai (Id: U-0439)",SCAD INSTITUTE OF TECHNOLOGY (Id: C-48261),Affiliated College,Tamil Nadu,Coimbatore
1430,"Anna University, Chennai (Id: U-0439)",SNS College of Engineering (Id: C-37036),Affiliated College,Tamil Nadu,Coimbatore
1431,"Anna University, Chennai (Id: U-0439)",SNS College of Technology (Id: C-36947),Affiliated College,Tamil Nadu,Coimbatore
1432,"Anna University, Chennai (Id: U-0439)",SNT Global Academy of Management Studies and Technology (Id: C-36964),Affiliated College,Tamil Nadu,Coimbatore
1435,"Anna University, Chennai (Id: U-0439)",Sree Narayana Guru Institute of Management Studies (Id: C-37085),Affiliated College,Tamil Nadu,Coimbatore
1436,"Anna University, Chennai (Id: U-0439)",Sree Sakthi Engineering College (Id: C-36956),Affiliated College,Tamil Nadu,Coimbatore
1445,"Anna University, Chennai (Id: U-0439)",Sri Eshwar College of Engineering (Id: C-37057),Affiliated College,Tamil Nadu,Coimbatore
1447,"Anna University, Chennai (Id: U-0439)",Sriguru Institute Of Technology (Id: C-36994),Affiliated College,Tamil Nadu,Coimbatore
1449,"Anna University, Chennai (Id: U-0439)",Sri Krishna College of Engineering and Technology (Id: C-36995),Affiliated College,Tamil Nadu,Coimbatore
1450,"Anna University, Chennai (Id: U-0439)",Sri Krishna College of Technology (Id: C-37064),Affiliated College,Tamil Nadu,Coimbatore
1452,"Anna University, Chennai (Id: U-0439)",Sri Krishna Institute of Management (Id: C-37008),Affiliated College,Tamil Nadu,Coimbatore
1461,"Anna University, Chennai (Id: U-0439)",Sri Ramakrishna Engineering College (Id: C-37089),Affiliated College,Tamil Nadu,Coimbatore
1462,"Anna University, Chennai (Id: U-0439)",Sri Ramakrishna Institute of Technology (Id: C-37032),Affiliated College,Tamil Nadu,Coimbatore
1467,"Anna University, Chennai (Id: U-0439)","SRI RANGANATHAR INSTITUTE OF ENGINEERING AND TECHNOLOGY, COIMBATORE (Id: C-45288)",Affiliated College,Tamil Nadu,Coimbatore
1471,"Anna University, Chennai (Id: U-0439)",Sri Shakthi Institute of Engineering and Technology (Id: C-37080),Affiliated College,Tamil Nadu,Coimbatore
1477,"Anna University, Chennai (Id: U-0439)",Sri Venkateswara College of Computer Applications and Management (Id: C-37100),Affiliated College,Tamil Nadu,Coimbatore
1480,"Anna University, Chennai (Id: U-0439)",Sri Venkateswara Institute of Information Technology and Management (Id: C-37024),Affiliated College,Tamil Nadu,Coimbatore
1499,"Anna University, Chennai (Id: U-0439)",SUGUNA COLLEGE OF ENGINEERING (Id: C-48263),Affiliated College,Tamil Nadu,Coimbatore
1506,"Anna University, Chennai (Id: U-0439)",SVS College Of Engineering (Id: C-37084),Affiliated College,Tamil Nadu,Coimbatore
1507,"Anna University, Chennai (Id: U-0439)",SVS Institute of Computer Applications (Id: C-37060),Affiliated College,Tamil Nadu,Coimbatore
1508,"Anna University, Chennai (Id: U-0439)",SVS Institute of Management Studies (Id: C-36968),Affiliated College,Tamil Nadu,Coimbatore
1509,"Anna University, Chennai (Id: U-0439)",SVS School of Architecture (Id: C-37078),Affiliated College,Tamil Nadu,Coimbatore
1513,"Anna University, Chennai (Id: U-0439)",Tamilnadu College of Engineering (Id: C-37010),Affiliated College,Tamil Nadu,Coimbatore
1514,"Anna University, Chennai (Id: U-0439)",Tamilnadu School of Architecture (Id: C-37030),Affiliated College,Tamil Nadu,Coimbatore
1516,"Anna University, Chennai (Id: U-0439)",Tejaa Shakthi Institute of Technology for Women (Id: C-37012),Affiliated College,Tamil Nadu,Coimbatore
1535,"Anna University, Chennai (Id: U-0439)",United Institute of Technology (Id: C-36990),Affiliated College,Tamil Nadu,Coimbatore
1567,"Anna University, Chennai (Id: U-0439)",VIVEKANANDA INSTITUTE OF MANAGEMENT STUDIES (Id: C-48267),Affiliated College,Tamil Nadu,Coimbatore
1579,"Anna University, Chennai (Id: U-0439)",V.S.B COLLEGE OF ENGINEERING TECHNICAL CAMPUS (Id: C-48266),Affiliated College,Tamil Nadu,Coimbatore
3294,"Bharathiar University, Coimbatore (Id: U-0447)",Air Force Administrative College (Id: C-41053),Affiliated College,Tamil Nadu,Coimbatore
3295,"Bharathiar University, Coimbatore (Id: U-0447)",AJK College of Arts and Science (Id: C-41080),Affiliated College,Tamil Nadu,Coimbatore
3296,"Bharathiar University, Coimbatore (Id: U-0447)",Angappa College of Arts and Science (Id: C-41070),Affiliated College,Tamil Nadu,Coimbatore
3297,"Bharathiar University, Coimbatore (Id: U-0447)",Ayyan Thiruvalluvar College of Arts and Science (Id: C-41062),Affiliated College,Tamil Nadu,Coimbatore
3298,"Bharathiar University, Coimbatore (Id: U-0447)",Bharathiar University Arts and science College (Id: C-41114),Constituent / University College,Tamil Nadu,Coimbatore
3304,"Bharathiar University, Coimbatore (Id: U-0447)",Bishop Ambrose College (Id: C-41136),Affiliated College,Tamil Nadu,Coimbatore
3305,"Bharathiar University, Coimbatore (Id: U-0447)",Bishop Appasamy College of Arts and Science (Id: C-41075),Affiliated College,Tamil Nadu,Coimbatore
3307,"Bharathiar University, Coimbatore (Id: U-0447)",CBM College (Id: C-41095),Affiliated College,Tamil Nadu,Coimbatore
3312,"Bharathiar University, Coimbatore (Id: U-0447)",CMS Academy of Management and Technology (Id: C-41132),Affiliated College,Tamil Nadu,Coimbatore
3313,"Bharathiar University, Coimbatore (Id: U-0447)",CMS College of Science and Commerce (Id: C-41096),Affiliated College,Tamil Nadu,Coimbatore
3314,"Bharathiar University, Coimbatore (Id: U-0447)",CMS Institute of Management Studies (Id: C-41065),Affiliated College,Tamil Nadu,Coimbatore
3315,"Bharathiar University, Coimbatore (Id: U-0447)",Coimbatore Institute of Management and Technology (Id: C-41090),Affiliated College,Tamil Nadu,Coimbatore
3316,"Bharathiar University, Coimbatore (Id: U-0447)",D.J.Academy for Managerial Excellence (Id: C-41107),Affiliated College,Tamil Nadu,Coimbatore
3317,"Bharathiar University, Coimbatore (Id: U-0447)",Dr.G.R.Damodaran College of Science (Id: C-41044),Affiliated College,Tamil Nadu,Coimbatore
3318,"Bharathiar University, Coimbatore (Id: U-0447)",Dr.N.G.P. Arts and Science College (Id: C-41054),Affiliated College,Tamil Nadu,Coimbatore
3320,"Bharathiar University, Coimbatore (Id: U-0447)",Dr.R.V.Arts and Science College (Id: C-41099),Affiliated College,Tamil Nadu,Coimbatore
3321,"Bharathiar University, Coimbatore (Id: U-0447)",Dr.S.N.S.Rajalakshmi College of Arts and Science (Id: C-41042),Affiliated College,Tamil Nadu,Coimbatore
3326,"Bharathiar University, Coimbatore (Id: U-0447)","Government Arts College, Coimbatore (Id: C-41035)",Affiliated College,Tamil Nadu,Coimbatore
3329,"Bharathiar University, Coimbatore (Id: U-0447)",G.R.Damodaran Academy of Management (Id: C-41088),Affiliated College,Tamil Nadu,Coimbatore
3330,"Bharathiar University, Coimbatore (Id: U-0447)",Guruvayurappan Institute of Management (Id: C-41103),Affiliated College,Tamil Nadu,Coimbatore
3331,"Bharathiar University, Coimbatore (Id: U-0447)",Hindusthan College of Arts and Science (Id: C-41049),Affiliated College,Tamil Nadu,Coimbatore
3335,"Bharathiar University, Coimbatore (Id: U-0447)",Kamban College of Arts and Science (Id: C-41047),Affiliated College,Tamil Nadu,Coimbatore
3338,"Bharathiar University, Coimbatore (Id: U-0447)",K.G. College of Arts and Science (Id: C-41125),Affiliated College,Tamil Nadu,Coimbatore
3339,"Bharathiar University, Coimbatore (Id: U-0447)",KGISL Institute of Information Management (Id: C-41127),Affiliated College,Tamil Nadu,Coimbatore
3341,"Bharathiar University, Coimbatore (Id: U-0447)",Kongunadu Arts and Science College (Id: C-41106),Affiliated College,Tamil Nadu,Coimbatore
3342,"Bharathiar University, Coimbatore (Id: U-0447)",Kovai Kalaimagal College of Arts and Science (Id: C-41034),Affiliated College,Tamil Nadu,Coimbatore
3343,"Bharathiar University, Coimbatore (Id: U-0447)",K.S.G. College of Arts and Science (Id: C-41058),Affiliated College,Tamil Nadu,Coimbatore
3344,"Bharathiar University, Coimbatore (Id: U-0447)",Lakshmi Narayana Visalakshi College of Arts and Science (Id: C-41108),Affiliated College,Tamil Nadu,Coimbatore
3346,"Bharathiar University, Coimbatore (Id: U-0447)",Maharaja Arts and Science College (Id: C-41118),Affiliated College,Tamil Nadu,Coimbatore
3349,"Bharathiar University, Coimbatore (Id: U-0447)",Michael Job College of Arts and Science for Women (Id: C-41123),Affiliated College,Tamil Nadu,Coimbatore
3352,"Bharathiar University, Coimbatore (Id: U-0447)",Nehru Arts and Science College (Id: C-41133),Affiliated College,Tamil Nadu,Coimbatore
3353,"Bharathiar University, Coimbatore (Id: U-0447)",Nehru College of Management (Id: C-41105),Affiliated College,Tamil Nadu,Coimbatore
3354,"Bharathiar University, Coimbatore (Id: U-0447)",N G M College (Id: C-41073),Affiliated College,Tamil Nadu,Coimbatore
3357,"Bharathiar University, Coimbatore (Id: U-0447)",Nirmala College for Women (Id: C-41069),Affiliated College,Tamil Nadu,Coimbatore
3359,"Bharathiar University, Coimbatore (Id: U-0447)",Pioneer College of Arts and Science (Id: C-41112),Affiliated College,Tamil Nadu,Coimbatore
3362,"Bharathiar University, Coimbatore (Id: U-0447)",PSG College of Arts and Science (Id: C-41124),Affiliated College,Tamil Nadu,Coimbatore
3363,"Bharathiar University, Coimbatore (Id: U-0447)",PSGR Krishnammal College for Women (Id: C-41046),Affiliated College,Tamil Nadu,Coimbatore
3364,"Bharathiar University, Coimbatore (Id: U-0447)",Rathinam College of Arts and Science (Id: C-41134),Affiliated College,Tamil Nadu,Coimbatore
3365,"Bharathiar University, Coimbatore (Id: U-0447)",Rathinavel Subramaniam College (Id: C-41037),Affiliated College,Tamil Nadu,Coimbatore
3366,"Bharathiar University, Coimbatore (Id: U-0447)","SAN INTERNATIONAL COLLEGE OF ARTS AND SCIENCE, COIMBATORE (Id: C-46608)",Affiliated College,Tamil Nadu,Coimbatore
3367,"Bharathiar University, Coimbatore (Id: U-0447)",Sankara College of Science and Commerce (Id: C-41064),Affiliated College,Tamil Nadu,Coimbatore
3370,"Bharathiar University, Coimbatore (Id: U-0447)",Shiri Kumaran College of Arts and Science (Id: C-41121),Affiliated College,Tamil Nadu,Coimbatore
3371,"Bharathiar University, Coimbatore (Id: U-0447)",S.M.S. College of Arts and Science (Id: C-41078),Affiliated College,Tamil Nadu,Coimbatore
3372,"Bharathiar University, Coimbatore (Id: U-0447)",S N R Sons College (Id: C-41100),Affiliated College,Tamil Nadu,Coimbatore
3374,"Bharathiar University, Coimbatore (Id: U-0447)",Sree Narayana Guru College (Id: C-41130),Affiliated College,Tamil Nadu,Coimbatore
3375,"Bharathiar University, Coimbatore (Id: U-0447)",Sree Ramu College of Arts and Science (Id: C-41079),Affiliated College,Tamil Nadu,Coimbatore
3376,"Bharathiar University, Coimbatore (Id: U-0447)",Sree Saraswathi Thiagaraja College (Id: C-41097),Affiliated College,Tamil Nadu,Coimbatore
3377,"Bharathiar University, Coimbatore (Id: U-0447)",Sri Gee College of Arts and Science (Id: C-41129),Affiliated College,Tamil Nadu,Coimbatore
3379,"Bharathiar University, Coimbatore (Id: U-0447)",Sri Jeyandra Saraswathy Maha Vidyalaya College of Arts & Science (Id: C-41082),Affiliated College,Tamil Nadu,Coimbatore
3380,"Bharathiar University, Coimbatore (Id: U-0447)",Sri Krishna Arts and Science College (Id: C-41126),Affiliated College,Tamil Nadu,Coimbatore
3381,"Bharathiar University, Coimbatore (Id: U-0447)",Sri Nehru Maha Vidyalaya College of Arts and Science (Id: C-41040),Affiliated College,Tamil Nadu,Coimbatore
3382,"Bharathiar University, Coimbatore (Id: U-0447)",Sri Ramakrishna College of Arts and Science for Women (Id: C-41059),Affiliated College,Tamil Nadu,Coimbatore
3383,"Bharathiar University, Coimbatore (Id: U-0447)",Sri Ramalinga Sowdambigai College of Science and Commerce (Id: C-41115),Affiliated College,Tamil Nadu,Coimbatore
3384,"Bharathiar University, Coimbatore (Id: U-0447)",Sri Subash Arts and Science College (Id: C-41045),Affiliated College,Tamil Nadu,Coimbatore
3386,"Bharathiar University, Coimbatore (Id: U-0447)",SRMV College of Arts and Science (Id: C-41077),Affiliated College,Tamil Nadu,Coimbatore
3388,"Bharathiar University, Coimbatore (Id: U-0447)",St. Pauls College of Arts and Science for Women (Id: C-41101),Affiliated College,Tamil Nadu,Coimbatore
3390,"Bharathiar University, Coimbatore (Id: U-0447)",Texcity Arts and Science College (Id: C-41085),Affiliated College,Tamil Nadu,Coimbatore
3391,"Bharathiar University, Coimbatore (Id: U-0447)","Thavathiru Santhalinga Adigalar Arts, Science and Tamil College (Id: C-41076)",Affiliated College,Tamil Nadu,Coimbatore
3396,"Bharathiar University, Coimbatore (Id: U-0447)",VLB Janaki Ammal College of Arts and Science (Id: C-41083),Affiliated College,Tamil Nadu,Coimbatore
3397,"Bharathiar University, Coimbatore (Id: U-0447)",V.N.Krishnasamy Naidu College of Arts and Science for Women (Id: C-41094),Affiliated College,Tamil Nadu,Coimbatore
3398,"Bharathiar University, Coimbatore (Id: U-0447)",Wisdom School of Management (Id: C-41038),Affiliated College,Tamil Nadu,Coimbatore
9332,"Forest Research Institute, Dehradun (Id: U-0553)",Institute of Forest Genetics & Tree Breeding (Id: C-44356),Recognized Center,Tamil Nadu,Coimbatore
29424,"Ramakrishna Mission Vivekananda Educational and Research Institute, Howrah (Id: U-0582)","SoRSPE, Ramakrishna Mission Vivekananda University (Id: C-35003)",PG Center / Off-Campus Center,Tamil Nadu,Coimbatore
33892,"Tamilnadu Agricultural University, Coimbatore (Id: U-0485)","Agricultural College and Research Institute, Coimbatore (Id: C-44926)",Constituent / University College,Tamil Nadu,Coimbatore
33895,"Tamilnadu Agricultural University, Coimbatore (Id: U-0485)","Agricultural Engineering College and Research Institute, Coimbatore (Id: C-44924)",Constituent / University College,Tamil Nadu,Coimbatore
33899,"Tamilnadu Agricultural University, Coimbatore (Id: U-0485)",Forest College and Research Institute (Id: C-44920),Constituent / University College,Tamil Nadu,Coimbatore
33901,"Tamilnadu Agricultural University, Coimbatore (Id: U-0485)","Horticultural College and Research Institute, Coimbatore (Id: C-44923)",Constituent / University College,Tamil Nadu,Coimbatore
33906,"Tamilnadu Agricultural University, Coimbatore (Id: U-0485)","School of Postgraduate Studies, Coimbatore (Id: C-44919)",PG Center / Off-Campus Center,Tamil Nadu,Coimbatore
33908,"Tamilnadu Agricultural University, Coimbatore (Id: U-0485)","VANAVARAYAR INSTITUTE OF AGRICULTURE, COIMBATORE (Id: C-45371)",Affiliated College,Tamil Nadu,Coimbatore
33911,"Tamil Nadu Dr. Ambedkar Law University, Chennai (Id: U-0480)","Government Law College, Coimbatore (Id: C-39282)",Affiliated College,Tamil Nadu,Coimbatore
33932,"Tamil Nadu Dr. M.G.R. Medical University , Chennai (Id: U-0481)","ANNAI MEENAKSHI COLLEGE OF NURSING, COIMBATORE (Id: C-45525)",Affiliated College,Tamil Nadu,Coimbatore
33943,"Tamil Nadu Dr. M.G.R. Medical University , Chennai (Id: U-0481)","ARAVIND EYE HOSPITAL, COIMBATORE (Id: C-45568)",Affiliated College,Tamil Nadu,Coimbatore
33955,"Tamil Nadu Dr. M.G.R. Medical University , Chennai (Id: U-0481)","AYURVEDHA COLLEGE, COIMBATORE (Id: C-45514)",Affiliated College,Tamil Nadu,Coimbatore
33968,"Tamil Nadu Dr. M.G.R. Medical University , Chennai (Id: U-0481)","CHERRAAN S COLLEGE OF NURSING, COIMBATORE (Id: C-45519)",Affiliated College,Tamil Nadu,Coimbatore
33969,"Tamil Nadu Dr. M.G.R. Medical University , Chennai (Id: U-0481)","CHERRAAN S COLLEGE OF PHARMACY, COIMBATORE (Id: C-45531)",Affiliated College,Tamil Nadu,Coimbatore
33970,"Tamil Nadu Dr. M.G.R. Medical University , Chennai (Id: U-0481)","CHERRAAN S COLLEGE OF PHYSIOTHERAPY, COIMBATORE (Id: C-45527)",Affiliated College,Tamil Nadu,Coimbatore
33978,"Tamil Nadu Dr. M.G.R. Medical University , Chennai (Id: U-0481)","COIMBATORE MEDICAL COLLEGE, COIMBATORE (Id: C-45513)",Affiliated College,Tamil Nadu,Coimbatore
33985,"Tamil Nadu Dr. M.G.R. Medical University , Chennai (Id: U-0481)","COLLEGE OF NURSING, SRI RAMAKRISHNA INSTITUTE OF PARAMEDICAL SCIENCES, COIMBATORE (Id: C-45516)",Affiliated College,Tamil Nadu,Coimbatore
33991,"Tamil Nadu Dr. M.G.R. Medical University , Chennai (Id: U-0481)","COLLEGE OF PHARMACY, SRI RAMAKRISHNA INSTITUTE OF PARAMEDICAL SCIENCES, COIMBATORE (Id: C-45517)",Affiliated College,Tamil Nadu,Coimbatore
33994,"Tamil Nadu Dr. M.G.R. Medical University , Chennai (Id: U-0481)","COLLEGE OF PHYSIOTHERAPY, SRI RAMAKRISHNA INSTITUTE OF PARAMEDICAL SCIENCES, COIMBATORE (Id: C-45518)",Affiliated College,Tamil Nadu,Coimbatore
34019,"Tamil Nadu Dr. M.G.R. Medical University , Chennai (Id: U-0481)","ELLEN COLLEGE OF NURSING, COIMBATORE (Id: C-45545)",Affiliated College,Tamil Nadu,Coimbatore
34025,"Tamil Nadu Dr. M.G.R. Medical University , Chennai (Id: U-0481)","GANGA COLLEGE OF NURSING, COIMBATORE (Id: C-45554)",Affiliated College,Tamil Nadu,Coimbatore
34026,"Tamil Nadu Dr. M.G.R. Medical University , Chennai (Id: U-0481)","GANGA MEDICAL CENTRE AND HOSPITAL PVT. LTD., COIMBATORE (Id: C-45562)",Affiliated College,Tamil Nadu,Coimbatore
34027,"Tamil Nadu Dr. M.G.R. Medical University , Chennai (Id: U-0481)","GEM HOSPITAL AND RESEARCH CENTRE PVT. LTD., COIMBATORE (Id: C-45564)",Affiliated College,Tamil Nadu,Coimbatore
34028,"Tamil Nadu Dr. M.G.R. Medical University , Chennai (Id: U-0481)","GEM INSTITUTE OF NURSING EDUCATION AND RESEARCH, COIMBATORE (Id: C-45553)",Affiliated College,Tamil Nadu,Coimbatore
34029,"Tamil Nadu Dr. M.G.R. Medical University , Chennai (Id: U-0481)","G.KUPPUSWAMY NAIDU MEMORIAL HOSPITAL, COIMBATORE (Id: C-45555)",Affiliated College,Tamil Nadu,Coimbatore
34049,"Tamil Nadu Dr. M.G.R. Medical University , Chennai (Id: U-0481)","G.R. HOSPITAL, COIMBATORE (Id: C-45556)",Affiliated College,Tamil Nadu,Coimbatore
34063,"Tamil Nadu Dr. M.G.R. Medical University , Chennai (Id: U-0481)","J.K. COLLEGE OF NURSING AND PARA MEDICAL SCIENCES, COIMBATORE (Id: C-45542)",Affiliated College,Tamil Nadu,Coimbatore
34067,"Tamil Nadu Dr. M.G.R. Medical University , Chennai (Id: U-0481)","J.S.S. INSTITUTE OF NATUROPATHY AND YOGIC SCIENCES, OOTACAMUND, COIMBATORE (Id: C-45533)",Affiliated College,Tamil Nadu,Coimbatore
34074,"Tamil Nadu Dr. M.G.R. Medical University , Chennai (Id: U-0481)","KARPAGAM COLLEGE OF PHARMACY, COIMBATORE (Id: C-45543)",Affiliated College,Tamil Nadu,Coimbatore
34075,"Tamil Nadu Dr. M.G.R. Medical University , Chennai (Id: U-0481)","KARPAGAM FACULTY OF MEDICAL SCIENCES & RESEARCH, COIMBATORE (Id: C-47560)",Affiliated College,Tamil Nadu,Coimbatore
34076,"Tamil Nadu Dr. M.G.R. Medical University , Chennai (Id: U-0481)","KARPAGAM NURSING COLLEGE, COIMBATORE (Id: C-45547)",Affiliated College,Tamil Nadu,Coimbatore
34083,"Tamil Nadu Dr. M.G.R. Medical University , Chennai (Id: U-0481)","K.G. COLLEGE OF NURSING, COIMBATORE (Id: C-45530)",Affiliated College,Tamil Nadu,Coimbatore
34084,"Tamil Nadu Dr. M.G.R. Medical University , Chennai (Id: U-0481)","K.G. COLLEGE OF PHYSIOTHERAPY, COIMBATORE (Id: C-45534)",Affiliated College,Tamil Nadu,Coimbatore
34085,"Tamil Nadu Dr. M.G.R. Medical University , Chennai (Id: U-0481)","K.G. HOSPITAL AND POST GRADUATE MEDICAL INSTITUTE, COIMBATORE (Id: C-45557)",Affiliated College,Tamil Nadu,Coimbatore
34089,"Tamil Nadu Dr. M.G.R. Medical University , Chennai (Id: U-0481)","K.M.C.H. COLLEGE OF NURSING, COIMBATORE (Id: C-45520)",Affiliated College,Tamil Nadu,Coimbatore
34090,"Tamil Nadu Dr. M.G.R. Medical University , Chennai (Id: U-0481)","K.M.C.H. COLLEGE OF OCCUPATIONAL THERAPY, COIMBATORE (Id: C-45529)",Affiliated College,Tamil Nadu,Coimbatore
34091,"Tamil Nadu Dr. M.G.R. Medical University , Chennai (Id: U-0481)","K.M.C.H. COLLEGE OF PARAMEDICAL SCIENCES, COIMBATORE (Id: C-45524)",Affiliated College,Tamil Nadu,Coimbatore
34092,"Tamil Nadu Dr. M.G.R. Medical University , Chennai (Id: U-0481)","K.M.C.H. COLLEGE OF PHARMACY, COIMBATORE (Id: C-45528)",Affiliated College,Tamil Nadu,Coimbatore
34095,"Tamil Nadu Dr. M.G.R. Medical University , Chennai (Id: U-0481)","KONGUNADU COLLEGE OF NURSING, COIMBATORE (Id: C-45551)",Affiliated College,Tamil Nadu,Coimbatore
34096,"Tamil Nadu Dr. M.G.R. Medical University , Chennai (Id: U-0481)","KOVAI MEDICAL CENTER AND HOSPITAL LIMITED, COIMBATORE (Id: C-45567)",Affiliated College,Tamil Nadu,Coimbatore
34112,"Tamil Nadu Dr. M.G.R. Medical University , Chennai (Id: U-0481)","MARTIN HOMOEOPATHY MEDICAL COLLEGE AND HOSPITAL, COIMBATORE (Id: C-45539)",Affiliated College,Tamil Nadu,Coimbatore
34134,"Tamil Nadu Dr. M.G.R. Medical University , Chennai (Id: U-0481)","NIGHTINGALE INSTITUTE OF NURSING EDUCATION, COIMBATORE (Id: C-45550)",Affiliated College,Tamil Nadu,Coimbatore
34148,"Tamil Nadu Dr. M.G.R. Medical University , Chennai (Id: U-0481)","P.P.G. COLLEGE OF NURSING, COIMBATORE (Id: C-45536)",Affiliated College,Tamil Nadu,Coimbatore
34149,"Tamil Nadu Dr. M.G.R. Medical University , Chennai (Id: U-0481)","P.P.G. COLLEGE OF PHYSIOTHERAPY, COIMBATORE (Id: C-45535)",Affiliated College,Tamil Nadu,Coimbatore
34152,"Tamil Nadu Dr. M.G.R. Medical University , Chennai (Id: U-0481)","P.S.G. COLLEGE OF NURSING, COIMBATORE (Id: C-45526)",Affiliated College,Tamil Nadu,Coimbatore
34153,"Tamil Nadu Dr. M.G.R. Medical University , Chennai (Id: U-0481)","P.S.G. COLLEGE OF PARAMEDICAL SCIENCES, COIMBATORE (Id: C-45537)",Affiliated College,Tamil Nadu,Coimbatore
34154,"Tamil Nadu Dr. M.G.R. Medical University , Chennai (Id: U-0481)","P.S.G. COLLEGE OF PHARMACY, COIMBATORE (Id: C-45540)",Affiliated College,Tamil Nadu,Coimbatore
34155,"Tamil Nadu Dr. M.G.R. Medical University , Chennai (Id: U-0481)","P.S.G. INSTITUTE OF MEDICAL SCIENCES AND RESEARCH, COIMBATORE (Id: C-45515)",Affiliated College,Tamil Nadu,Coimbatore
34164,"Tamil Nadu Dr. M.G.R. Medical University , Chennai (Id: U-0481)","ROYAL COLLEGE OF NURSING, COIMBATORE (Id: C-45559)",Affiliated College,Tamil Nadu,Coimbatore
34165,"Tamil Nadu Dr. M.G.R. Medical University , Chennai (Id: U-0481)","R.V.S COLLEGE OF NURSING, KANNAMPALAYAM, COIMBATORE (Id: C-45523)",Affiliated College,Tamil Nadu,Coimbatore
34166,"Tamil Nadu Dr. M.G.R. Medical University , Chennai (Id: U-0481)","R.V.S. COLLEGE OF NURSING, SULAR, COIMBATORE (Id: C-45548)",Affiliated College,Tamil Nadu,Coimbatore
34167,"Tamil Nadu Dr. M.G.R. Medical University , Chennai (Id: U-0481)","R.V.S. COLLEGE OF PHARMACEUTICAL SCIENCES, COIMBATORE (Id: C-45521)",Affiliated College,Tamil Nadu,Coimbatore
34168,"Tamil Nadu Dr. M.G.R. Medical University , Chennai (Id: U-0481)","R.V.S. COLLEGE OF PHYSIOTHERAPY, COIMBATORE (Id: C-45522)",Affiliated College,Tamil Nadu,Coimbatore
34169,"Tamil Nadu Dr. M.G.R. Medical University , Chennai (Id: U-0481)","R V S DENTAL COLLEGE AND HOSPITAL, COIMBATORE (Id: C-45549)",Affiliated College,Tamil Nadu,Coimbatore
34170,"Tamil Nadu Dr. M.G.R. Medical University , Chennai (Id: U-0481)","R.V.S. HOMOEOPATHIC MEDICAL COLLEGE, COIMBATORE (Id: C-45541)",Affiliated College,Tamil Nadu,Coimbatore
34171,"Tamil Nadu Dr. M.G.R. Medical University , Chennai (Id: U-0481)","R.V.S. SIDDHA MEDICAL COLLEGEAND HOSPITAL, COIMBATORE (Id: C-45546)",Affiliated College,Tamil Nadu,Coimbatore
34193,"Tamil Nadu Dr. M.G.R. Medical University , Chennai (Id: U-0481)","SHREE SIVAA HOSPITAL PVT. LTD., COIMBATORE (Id: C-45560)",Affiliated College,Tamil Nadu,Coimbatore
34198,"Tamil Nadu Dr. M.G.R. Medical University , Chennai (Id: U-0481)","SREE ABIRAMI COLLEGE OF NURSING, COIMBATORE (Id: C-45552)",Affiliated College,Tamil Nadu,Coimbatore
34199,"Tamil Nadu Dr. M.G.R. Medical University , Chennai (Id: U-0481)","SREE ABIRAMI HOSPITAL (P) LTD., COIMBATORE (Id: C-45558)",Affiliated College,Tamil Nadu,Coimbatore
34220,"Tamil Nadu Dr. M.G.R. Medical University , Chennai (Id: U-0481)","SRI RAMAKRISHNA DENTAL COLLEGE AND HOSPITAL, COIMBATORE (Id: C-45538)",Affiliated College,Tamil Nadu,Coimbatore
34243,"Tamil Nadu Dr. M.G.R. Medical University , Chennai (Id: U-0481)","SURABI COLLEGE OF NURSING, COIMBATORE (Id: C-45569)",Affiliated College,Tamil Nadu,Coimbatore
34256,"Tamil Nadu Dr. M.G.R. Medical University , Chennai (Id: U-0481)","TEXCITY COLLEGE OF NURSING, COIMBATORE (Id: C-45544)",Affiliated College,Tamil Nadu,Coimbatore
34262,"Tamil Nadu Dr. M.G.R. Medical University , Chennai (Id: U-0481)","THE EYE FOUNDATION, COIMBATORE (Id: C-45563)",Affiliated College,Tamil Nadu,Coimbatore
34289,"Tamilnadu Physical Education and Sports University, Chennai (Id: U-0486)",Maruthi College of Physical Education (Id: C-7944),Affiliated College,Tamil Nadu,Coimbatore
34301,"Tamil Nadu Teacher Education University, Chennai (Id: U-0483)",A.G. College of Education (Id: C-14965),Affiliated College,Tamil Nadu,Coimbatore
34366,"Tamil Nadu Teacher Education University, Chennai (Id: U-0483)",Bharathi College of Education (Id: C-14522),Affiliated College,Tamil Nadu,Coimbatore
34375,"Tamil Nadu Teacher Education University, Chennai (Id: U-0483)",Bishop Appasamy College of Education (Id: C-14513),Affiliated College,Tamil Nadu,Coimbatore
34381,"Tamil Nadu Teacher Education University, Chennai (Id: U-0483)",Century Foundation College of Education (Id: C-14836),Affiliated College,Tamil Nadu,Coimbatore
34393,"Tamil Nadu Teacher Education University, Chennai (Id: U-0483)","C.M.S. College of Education, (Id: C-14884)",Affiliated College,Tamil Nadu,Coimbatore
34413,"Tamil Nadu Teacher Education University, Chennai (Id: U-0483)",D.K.T. College of Education (Id: C-14632),Affiliated College,Tamil Nadu,Coimbatore
34416,"Tamil Nadu Teacher Education University, Chennai (Id: U-0483)",Dr. G.R.Damodaran College of Education (Id: C-14957),Affiliated College,Tamil Nadu,Coimbatore
34421,"Tamil Nadu Teacher Education University, Chennai (Id: U-0483)",Dr. N.G.P. College of Education (Id: C-14725),Affiliated College,Tamil Nadu,Coimbatore
34426,"Tamil Nadu Teacher Education University, Chennai (Id: U-0483)",Dr. S.N.S. College of Education (Id: C-14560),Affiliated College,Tamil Nadu,Coimbatore
34451,"Tamil Nadu Teacher Education University, Chennai (Id: U-0483)",Government College of Education for Women (Id: C-14945),Affiliated College,Tamil Nadu,Coimbatore
34456,"Tamil Nadu Teacher Education University, Chennai (Id: U-0483)",G.R.Govindarajulu College of Education (Id: C-14609),Affiliated College,Tamil Nadu,Coimbatore
34459,"Tamil Nadu Teacher Education University, Chennai (Id: U-0483)",Hindusthan College of Education (Id: C-14742),Affiliated College,Tamil Nadu,Coimbatore
34460,"Tamil Nadu Teacher Education University, Chennai (Id: U-0483)",Holy Angels College of Education for Women (Id: C-14985),Affiliated College,Tamil Nadu,Coimbatore
34470,"Tamil Nadu Teacher Education University, Chennai (Id: U-0483)",Indira Gandhi College of Special Education (Id: C-14616),Affiliated College,Tamil Nadu,Coimbatore
34484,"Tamil Nadu Teacher Education University, Chennai (Id: U-0483)",JAS College of Education (Id: C-14810),Affiliated College,Tamil Nadu,Coimbatore
34488,"Tamil Nadu Teacher Education University, Chennai (Id: U-0483)",Jayanthi College of Education (Id: C-15023),Affiliated College,Tamil Nadu,Coimbatore
34499,"Tamil Nadu Teacher Education University, Chennai (Id: U-0483)",JSR College of Education (Id: C-14479),Affiliated College,Tamil Nadu,Coimbatore
34505,"Tamil Nadu Teacher Education University, Chennai (Id: U-0483)",Kalaivani College of Education (Id: C-14617),Affiliated College,Tamil Nadu,Coimbatore
34515,"Tamil Nadu Teacher Education University, Chennai (Id: U-0483)",Karpagam College of Education (Id: C-14645),Affiliated College,Tamil Nadu,Coimbatore
34519,"Tamil Nadu Teacher Education University, Chennai (Id: U-0483)",Kasturi College of Education (Id: C-14908),Affiliated College,Tamil Nadu,Coimbatore
34520,"Tamil Nadu Teacher Education University, Chennai (Id: U-0483)",Kathir College of Education (Id: C-14493),Affiliated College,Tamil Nadu,Coimbatore
34533,"Tamil Nadu Teacher Education University, Chennai (Id: U-0483)",K.M.G. College of Education (Id: C-14912),Affiliated College,Tamil Nadu,Coimbatore
34556,"Tamil Nadu Teacher Education University, Chennai (Id: U-0483)",Lisieux College of Education (Id: C-15008),Affiliated College,Tamil Nadu,Coimbatore
34583,"Tamil Nadu Teacher Education University, Chennai (Id: U-0483)",Michael Job Memorial College of Education for Women (Id: C-14798),Affiliated College,Tamil Nadu,Coimbatore
34601,"Tamil Nadu Teacher Education University, Chennai (Id: U-0483)",Nairs College of Education (Id: C-15018),Affiliated College,Tamil Nadu,Coimbatore
34623,"Tamil Nadu Teacher Education University, Chennai (Id: U-0483)",P.A. College of Education (Id: C-14955),Affiliated College,Tamil Nadu,Coimbatore
34638,"Tamil Nadu Teacher Education University, Chennai (Id: U-0483)",P.K.D. College of Education (Id: C-14592),Affiliated College,Tamil Nadu,Coimbatore
34645,"Tamil Nadu Teacher Education University, Chennai (Id: U-0483)",P.P.G. College of Education (Id: C-14878),Affiliated College,Tamil Nadu,Coimbatore
34675,"Tamil Nadu Teacher Education University, Chennai (Id: U-0483)",R.K.R. College of Education (Id: C-14980),Affiliated College,Tamil Nadu,Coimbatore
34687,"Tamil Nadu Teacher Education University, Chennai (Id: U-0483)",RVS College of Education (Id: C-14868),Affiliated College,Tamil Nadu,Coimbatore
34808,"Tamil Nadu Teacher Education University, Chennai (Id: U-0483)","SRMV College of Education, (Autonomous) (Id: C-14852)",Affiliated College,Tamil Nadu,Coimbatore
34833,"Tamil Nadu Teacher Education University, Chennai (Id: U-0483)",St.Marks College of Education (Id: C-14585),Affiliated College,Tamil Nadu,Coimbatore
34840,"Tamil Nadu Teacher Education University, Chennai (Id: U-0483)",St. Peters College of Education (Id: C-14528),Affiliated College,Tamil Nadu,Coimbatore
